timestamp,simple-path,time
2021-09-07 22:10:57.768,/master/welcome,5843
2021-09-07 22:10:58.095,/master/welcome,296
2021-09-07 22:11:00.605,/master/sign-in,2239
2021-09-07 22:11:02.354,/master/welcome,636
2021-09-07 22:11:10.204,/master/welcome,313
2021-09-07 22:11:10.912,/master/welcome,597
2021-09-07 22:11:11.549,/master/welcome,298
2021-09-07 22:11:12.946,/anonymous/shout/list,1173
2021-09-07 22:11:13.939,/master/welcome,310
2021-09-07 22:11:14.741,/anonymous/shout/list,626
2021-09-07 22:11:15.629,/master/welcome,327
2021-09-07 22:11:16.412,/anonymous/shout/list,596
2021-09-07 22:11:17.47,/master/welcome,418
2021-09-07 22:11:18.253,/anonymous/shout/list,591
2021-09-07 22:11:24.137,/master/welcome,346
2021-09-07 22:11:24.427,/master/welcome,261
2021-09-07 22:11:25.166,/master/sign-in,610
2021-09-07 22:11:26.538,/master/welcome,608
2021-09-07 22:11:33.191,/master/welcome,285
2021-09-07 22:11:33.933,/master/welcome,611
2021-09-07 22:11:34.432,/master/welcome,367
2021-09-07 22:11:35.873,/anonymous/shout/create,1199
2021-09-07 22:11:37.925,/master/welcome,596
2021-09-07 22:11:38.787,/anonymous/shout/list,640
2021-09-07 22:11:39.844,/master/welcome,291
2021-09-07 22:11:40.674,/anonymous/shout/create,608
2021-09-07 22:11:42.832,/master/welcome,606
2021-09-07 22:11:43.717,/anonymous/shout/list,601
2021-09-07 22:11:44.553,/master/welcome,279
2021-09-07 22:11:45.319,/anonymous/shout/create,593
2021-09-07 22:11:47.078,/master/welcome,1181
2021-09-07 22:11:47.955,/anonymous/shout/list,616
2021-09-07 22:11:48.713,/master/welcome,234
2021-09-07 22:11:49.492,/anonymous/shout/create,600
2021-09-07 22:11:51.199,/master/welcome,1189
2021-09-07 22:11:52.082,/anonymous/shout/list,665
2021-09-07 22:11:52.844,/master/welcome,234
2021-09-07 22:11:53.612,/anonymous/shout/create,594
2021-09-07 22:11:55.31,/master/welcome,1166
2021-09-07 22:11:56.161,/anonymous/shout/list,604
2021-09-07 22:11:56.97,/master/welcome,295
2021-09-07 22:11:57.786,/anonymous/shout/create,608
2021-09-07 22:11:58.911,/anonymous/shout/create,613
2021-09-07 22:11:59.312,/master/welcome,323
2021-09-07 22:12:00.066,/anonymous/shout/create,584
2021-09-07 22:12:01.2,/anonymous/shout/create,626
2021-09-07 22:12:01.598,/master/welcome,323
2021-09-07 22:12:02.433,/anonymous/shout/create,614
2021-09-07 22:12:03.493,/anonymous/shout/create,623
2021-09-07 22:12:03.982,/master/welcome,417
2021-09-07 22:12:04.802,/anonymous/shout/create,634
2021-09-07 22:12:05.95,/anonymous/shout/create,624
2021-09-07 22:12:06.328,/master/welcome,291
2021-09-07 22:12:07.143,/anonymous/shout/create,593
2021-09-07 22:12:08.298,/anonymous/shout/create,606
2021-09-07 22:12:13.241,/master/welcome,338
2021-09-07 22:12:13.518,/master/welcome,246
2021-09-07 22:12:14.282,/master/sign-in,634
2021-09-07 22:12:15.708,/master/welcome,605
2021-09-07 22:12:23.025,/master/welcome,331
2021-09-07 22:12:23.78,/master/welcome,624
2021-09-07 22:12:24.164,/master/welcome,261
2021-09-07 22:12:24.412,/master/welcome,217
2021-09-07 22:12:25.151,/master/sign-in,610
2021-09-07 22:12:26.665,/master/welcome,596
2021-09-07 22:12:28.103,/administrator/spam/show,1165
2021-09-07 22:12:28.907,/master/welcome,541
2021-09-07 22:12:29.632,/master/welcome,610
2021-09-07 22:12:30.001,/master/welcome,269
2021-09-07 22:12:30.264,/master/welcome,233
2021-09-07 22:12:30.969,/master/sign-in,596
2021-09-07 22:12:32.279,/master/welcome,627
2021-09-07 22:12:33.137,/administrator/spam/show,594
2021-09-07 22:12:33.725,/master/welcome,452
2021-09-07 22:12:34.492,/master/welcome,609
2021-09-07 22:12:34.94,/master/welcome,346
2021-09-07 22:12:35.887,/master/welcome,402
2021-09-07 22:12:36.293,/master/welcome,373
2021-09-07 22:12:37.11,/master/sign-in,679
2021-09-07 22:12:38.518,/master/welcome,593
2021-09-07 22:12:39.301,/master/welcome,234
2021-09-07 22:12:40.028,/master/welcome,622
2021-09-07 22:12:40.536,/master/welcome,417
2021-09-07 22:12:40.867,/master/welcome,295
2021-09-07 22:12:41.608,/master/sign-in,613
2021-09-07 22:12:42.958,/master/welcome,592
2021-09-07 22:12:43.459,/master/welcome,202
2021-09-07 22:12:44.168,/master/welcome,599
2021-09-07 22:12:49.683,/master/welcome,351
2021-09-07 22:12:49.947,/master/welcome,234
2021-09-07 22:12:50.648,/master/sign-in,589
2021-09-07 22:12:51.943,/master/welcome,612
2021-09-07 22:12:59.154,/master/welcome,271
2021-09-07 22:12:59.858,/master/welcome,595
2021-09-07 22:13:00.196,/master/welcome,249
2021-09-07 22:13:00.43,/master/welcome,206
2021-09-07 22:13:01.17,/master/sign-in,611
2021-09-07 22:13:02.651,/master/welcome,613
2021-09-07 22:13:03.555,/administrator/spam/show,612
2021-09-07 22:13:05.577,/master/welcome,632
2021-09-07 22:13:06.411,/administrator/spam/show,597
2021-09-07 22:13:06.796,/master/welcome,356
2021-09-07 22:13:07.493,/master/welcome,586
2021-09-07 22:13:07.789,/master/welcome,205
2021-09-07 22:13:08.036,/master/welcome,219
2021-09-07 22:13:08.778,/master/sign-in,610
2021-09-07 22:13:10.185,/master/welcome,590
2021-09-07 22:13:11.077,/administrator/spam/show,595
2021-09-07 22:13:11.95,/administrator/spam/update,582
2021-09-07 22:13:12.294,/master/welcome,283
2021-09-07 22:13:13.018,/master/welcome,610
2021-09-07 22:13:13.554,/master/welcome,402
2021-09-07 22:13:13.788,/master/welcome,203
2021-09-07 22:13:14.519,/master/sign-in,605
2021-09-07 22:13:15.857,/master/welcome,607
2021-09-07 22:13:16.672,/administrator/spam/show,598
2021-09-07 22:13:17.611,/administrator/spam/update,641
2021-09-07 22:13:17.939,/master/welcome,265
2021-09-07 22:13:18.647,/master/welcome,598
2021-09-07 22:13:19.045,/master/welcome,286
2021-09-07 22:13:19.57,/master/welcome,234
2021-09-07 22:13:19.851,/master/welcome,251
2021-09-07 22:13:20.601,/master/sign-in,609
2021-09-07 22:13:22.022,/master/welcome,608
2021-09-07 22:13:22.715,/master/welcome,217
2021-09-07 22:13:23.421,/master/welcome,595
2021-09-07 22:13:23.821,/master/welcome,311
2021-09-07 22:13:24.179,/master/welcome,328
2021-09-07 22:13:24.935,/master/sign-in,611
2021-09-07 22:13:26.315,/master/welcome,589
2021-09-07 22:13:27.037,/master/welcome,203
2021-09-07 22:13:27.742,/master/welcome,593
2021-09-07 22:13:33.368,/master/welcome,291
2021-09-07 22:13:33.612,/master/welcome,213
2021-09-07 22:13:34.378,/master/sign-in,618
2021-09-07 22:13:35.747,/master/welcome,609
2021-09-07 22:13:42.542,/master/welcome,438
2021-09-07 22:13:43.26,/master/welcome,610
2021-09-07 22:13:43.685,/master/welcome,329
2021-09-07 22:13:43.954,/master/welcome,233
2021-09-07 22:13:44.674,/master/sign-in,610
2021-09-07 22:13:46.048,/master/welcome,596
2021-09-07 22:13:47.44,/administrator/task/list,1143
2021-09-07 22:13:48.112,/administrator/task/list-sorted-by-execution-period,613
2021-09-07 22:13:50.352,/administrator/task/show,1160
2021-09-07 22:13:51.656,/administrator/task/list-sorted-by-execution-period,599
2021-09-07 22:13:52.194,/master/welcome,513
2021-09-07 22:13:52.962,/master/welcome,608
2021-09-07 22:13:53.427,/master/welcome,330
2021-09-07 22:13:53.853,/master/welcome,394
2021-09-07 22:13:54.617,/master/sign-in,637
2021-09-07 22:13:55.98,/master/welcome,585
2021-09-07 22:13:56.827,/administrator/task/list,593
2021-09-07 22:13:57.52,/administrator/task/list-sorted-by-execution-period,628
2021-09-07 22:13:59.152,/administrator/task/show,609
2021-09-07 22:14:00.48,/administrator/task/list-sorted-by-execution-period,616
2021-09-07 22:14:00.773,/master/welcome,269
2021-09-07 22:14:01.482,/master/welcome,596
2021-09-07 22:14:01.852,/master/welcome,295
2021-09-07 22:14:02.215,/master/welcome,314
2021-09-07 22:14:02.948,/master/sign-in,597
2021-09-07 22:14:04.343,/master/welcome,629
2021-09-07 22:14:05.182,/administrator/task/list,598
2021-09-07 22:14:05.881,/administrator/task/list-sorted-by-execution-period,641
2021-09-07 22:14:07.626,/administrator/task/show,607
2021-09-07 22:14:08.976,/administrator/task/list-sorted-by-execution-period,615
2021-09-07 22:14:09.278,/master/welcome,277
2021-09-07 22:14:09.976,/master/welcome,584
2021-09-07 22:14:10.301,/master/welcome,235
2021-09-07 22:14:10.55,/master/welcome,218
2021-09-07 22:14:11.259,/master/sign-in,600
2021-09-07 22:14:12.581,/master/welcome,606
2021-09-07 22:14:18.556,/master/welcome,289
2021-09-07 22:14:18.82,/master/welcome,237
2021-09-07 22:14:19.525,/master/sign-in,593
2021-09-07 22:14:20.968,/master/welcome,606
2021-09-07 22:14:28.409,/master/welcome,469
2021-09-07 22:14:29.147,/master/welcome,612
2021-09-07 22:14:29.606,/master/welcome,369
2021-09-07 22:14:30.014,/master/welcome,376
2021-09-07 22:14:30.768,/master/sign-in,625
2021-09-07 22:14:32.278,/master/welcome,608
2021-09-07 22:14:33.261,/administrator/task/list,615
2021-09-07 22:14:33.919,/administrator/task/list-sorted-by-workload,600
2021-09-07 22:14:35.552,/administrator/task/show,595
2021-09-07 22:14:36.307,/master/welcome,236
2021-09-07 22:14:37.012,/master/welcome,595
2021-09-07 22:14:37.442,/master/welcome,349
2021-09-07 22:14:37.861,/master/welcome,390
2021-09-07 22:14:38.596,/master/sign-in,606
2021-09-07 22:14:40.011,/master/welcome,602
2021-09-07 22:14:40.819,/administrator/task/list,592
2021-09-07 22:14:41.488,/administrator/task/list-sorted-by-workload,596
2021-09-07 22:14:43.074,/administrator/task/show,598
2021-09-07 22:14:44.072,/master/welcome,409
2021-09-07 22:14:44.812,/master/welcome,612
2021-09-07 22:14:45.175,/master/welcome,276
2021-09-07 22:14:45.455,/master/welcome,250
2021-09-07 22:14:46.257,/master/sign-in,657
2021-09-07 22:14:47.728,/master/welcome,611
2021-09-07 22:14:48.634,/administrator/task/list,612
2021-09-07 22:14:49.303,/administrator/task/list-sorted-by-workload,609
2021-09-07 22:14:51.133,/administrator/task/show,615
2021-09-07 22:14:52.031,/master/welcome,266
2021-09-07 22:14:52.74,/master/welcome,597
2021-09-07 22:14:53.04,/master/welcome,221
2021-09-07 22:14:53.289,/master/welcome,219
2021-09-07 22:14:53.988,/master/sign-in,591
2021-09-07 22:14:55.305,/master/welcome,626
2021-09-07 22:14:55.954,/master/welcome,236
2021-09-07 22:14:56.66,/master/welcome,595
2021-09-07 22:15:02.672,/master/welcome,364
2021-09-07 22:15:02.948,/master/welcome,249
2021-09-07 22:15:03.654,/master/sign-in,593
2021-09-07 22:15:05.077,/master/welcome,615
2021-09-07 22:15:11.679,/master/welcome,292
2021-09-07 22:15:12.442,/master/welcome,629
2021-09-07 22:15:12.898,/master/welcome,360
2021-09-07 22:15:13.336,/master/welcome,408
2021-09-07 22:15:14.096,/master/sign-in,634
2021-09-07 22:15:15.523,/master/welcome,609
2021-09-07 22:15:16.205,/master/welcome,247
2021-09-07 22:15:16.967,/master/welcome,617
2021-09-07 22:15:17.398,/master/welcome,358
2021-09-07 22:15:17.835,/master/welcome,407
2021-09-07 22:15:18.621,/master/sign-in,625
2021-09-07 22:15:20.032,/master/welcome,594
2021-09-07 22:15:20.606,/master/welcome,250
2021-09-07 22:15:21.367,/master/welcome,625
2021-09-07 22:15:21.696,/master/welcome,249
2021-09-07 22:15:21.927,/master/welcome,202
2021-09-07 22:15:22.632,/master/sign-in,594
2021-09-07 22:15:24.082,/master/welcome,607
2021-09-07 22:15:24.948,/master/welcome,233
2021-09-07 22:15:25.756,/master/welcome,613
2021-09-07 22:15:31.277,/master/welcome,298
2021-09-07 22:15:31.511,/master/welcome,202
2021-09-07 22:15:32.235,/master/sign-in,598
2021-09-07 22:15:33.596,/master/welcome,605
2021-09-07 22:15:40.516,/master/welcome,435
2021-09-07 22:15:41.304,/master/welcome,643
2021-09-07 22:15:41.856,/master/welcome,434
2021-09-07 22:15:42.108,/master/welcome,220
2021-09-07 22:15:42.877,/master/sign-in,608
2021-09-07 22:15:44.965,/master/welcome,1173
2021-09-07 22:15:45.853,/administrator/task/list,613
2021-09-07 22:15:47.512,/administrator/task/show,614
2021-09-07 22:15:48.998,/administrator/task/list,584
2021-09-07 22:15:49.265,/master/welcome,235
2021-09-07 22:15:49.981,/master/welcome,617
2021-09-07 22:15:50.465,/master/welcome,407
2021-09-07 22:15:50.867,/master/welcome,373
2021-09-07 22:15:51.607,/master/sign-in,612
2021-09-07 22:15:53.102,/master/welcome,606
2021-09-07 22:15:54.091,/administrator/task/list,671
2021-09-07 22:15:55.743,/administrator/task/show,613
2021-09-07 22:15:57.296,/administrator/task/list,605
2021-09-07 22:15:57.609,/master/welcome,283
2021-09-07 22:15:58.322,/master/welcome,600
2021-09-07 22:15:58.625,/master/welcome,217
2021-09-07 22:15:58.892,/master/welcome,241
2021-09-07 22:15:59.613,/master/sign-in,609
2021-09-07 22:16:01.183,/master/welcome,611
2021-09-07 22:16:02.084,/administrator/task/list,609
2021-09-07 22:16:03.746,/administrator/task/show,594
2021-09-07 22:16:05.98,/administrator/task/list,1201
2021-09-07 22:16:06.55,/master/welcome,544
2021-09-07 22:16:07.323,/master/welcome,625
2021-09-07 22:16:07.723,/master/welcome,310
2021-09-07 22:16:08.119,/master/welcome,361
2021-09-07 22:16:08.948,/master/sign-in,680
2021-09-07 22:16:10.401,/master/welcome,612
2021-09-07 22:16:15.61,/master/welcome,330
2021-09-07 22:16:15.859,/master/welcome,218
2021-09-07 22:16:16.657,/master/sign-in,687
2021-09-07 22:16:18.212,/master/welcome,655
2021-09-07 22:16:25.757,/master/welcome,562
2021-09-07 22:16:27.175,/master/welcome,1264
2021-09-07 22:16:27.681,/master/welcome,411
2021-09-07 22:16:28.171,/master/welcome,452
2021-09-07 22:16:28.921,/master/sign-in,602
2021-09-07 22:16:31.041,/master/welcome,1236
2021-09-07 22:16:32.207,/master/welcome,473
2021-09-07 22:16:32.99,/master/welcome,625
2021-09-07 22:16:33.303,/master/welcome,233
2021-09-07 22:16:33.565,/master/welcome,232
2021-09-07 22:16:34.28,/master/sign-in,600
2021-09-07 22:16:35.695,/master/welcome,623
2021-09-07 22:16:36.772,/master/welcome,422
2021-09-07 22:16:37.52,/master/welcome,623
2021-09-07 22:16:37.98,/master/welcome,373
2021-09-07 22:16:38.214,/master/welcome,204
2021-09-07 22:16:38.939,/master/sign-in,613
2021-09-07 22:16:40.381,/master/welcome,613
2021-09-07 22:16:41.726,/master/welcome,664
2021-09-07 22:16:42.462,/master/welcome,605
2021-09-07 22:16:42.977,/master/welcome,411
2021-09-07 22:16:43.293,/master/welcome,287
2021-09-07 22:16:44.084,/master/sign-in,606
2021-09-07 22:16:45.57,/master/welcome,595
2021-09-07 22:16:46.411,/administrator/task/list,591
2021-09-07 22:16:48.062,/administrator/task/show,649
2021-09-07 22:16:49.372,/administrator/task/list,1178
2021-09-07 22:16:49.978,/master/welcome,236
2021-09-07 22:16:50.683,/master/welcome,593
2021-09-07 22:16:50.976,/master/welcome,222
2021-09-07 22:16:51.212,/master/welcome,208
2021-09-07 22:16:51.966,/master/sign-in,609
2021-09-07 22:16:53.571,/master/welcome,621
2021-09-07 22:16:54.481,/administrator/task/list,594
2021-09-07 22:16:56.059,/administrator/task/show,599
2021-09-07 22:16:57.768,/administrator/task/list,627
2021-09-07 22:16:58.317,/master/welcome,234
2021-09-07 22:16:59.028,/master/welcome,601
2021-09-07 22:16:59.521,/master/welcome,406
2021-09-07 22:16:59.753,/master/welcome,209
2021-09-07 22:17:00.476,/master/sign-in,612
2021-09-07 22:17:01.995,/master/welcome,610
2021-09-07 22:17:02.988,/administrator/task/list,634
2021-09-07 22:17:04.669,/administrator/task/show,615
2021-09-07 22:17:06.387,/administrator/task/list,621
2021-09-07 22:17:06.986,/master/welcome,239
2021-09-07 22:17:07.708,/master/welcome,611
2021-09-07 22:17:12.447,/master/welcome,286
2021-09-07 22:17:12.683,/master/welcome,213
2021-09-07 22:17:13.414,/master/sign-in,622
2021-09-07 22:17:14.858,/master/welcome,623
2021-09-07 22:17:21.552,/master/welcome,264
2021-09-07 22:17:22.267,/master/welcome,602
2021-09-07 22:17:22.805,/master/welcome,423
2021-09-07 22:17:23.073,/master/welcome,242
2021-09-07 22:17:23.81,/master/sign-in,595
2021-09-07 22:17:25.287,/master/welcome,618
2021-09-07 22:17:26.728,/administrator/task/create,1155
2021-09-07 22:17:29.142,/master/welcome,609
2021-09-07 22:17:29.992,/administrator/task/list,605
2021-09-07 22:17:31.562,/administrator/task/show,598
2021-09-07 22:17:32.571,/master/welcome,391
2021-09-07 22:17:33.308,/master/welcome,608
2021-09-07 22:17:33.863,/master/welcome,468
2021-09-07 22:17:34.126,/master/welcome,233
2021-09-07 22:17:34.865,/master/sign-in,610
2021-09-07 22:17:36.336,/master/welcome,646
2021-09-07 22:17:37.181,/administrator/task/create,597
2021-09-07 22:17:39.413,/master/welcome,607
2021-09-07 22:17:40.218,/administrator/task/list,588
2021-09-07 22:17:42.552,/administrator/task/show,1188
2021-09-07 22:17:43.411,/master/welcome,251
2021-09-07 22:17:44.12,/master/welcome,597
2021-09-07 22:17:44.597,/master/welcome,391
2021-09-07 22:17:44.898,/master/welcome,268
2021-09-07 22:17:45.609,/master/sign-in,602
2021-09-07 22:17:47.078,/master/welcome,614
2021-09-07 22:17:47.984,/administrator/task/create,615
2021-09-07 22:17:50.352,/master/welcome,594
2021-09-07 22:17:51.143,/administrator/task/list,592
2021-09-07 22:17:52.775,/administrator/task/show,615
2021-09-07 22:17:53.791,/master/welcome,272
2021-09-07 22:17:54.58,/master/welcome,634
2021-09-07 22:17:55.093,/master/welcome,439
2021-09-07 22:17:55.561,/master/welcome,435
2021-09-07 22:17:56.3,/master/sign-in,608
2021-09-07 22:17:57.757,/master/welcome,612
2021-09-07 22:17:58.685,/administrator/task/create,587
2021-09-07 22:18:01.076,/master/welcome,610
2021-09-07 22:18:01.939,/administrator/task/list,608
2021-09-07 22:18:03.534,/administrator/task/show,608
2021-09-07 22:18:04.715,/master/welcome,498
2021-09-07 22:18:05.418,/master/welcome,595
2021-09-07 22:18:05.878,/master/welcome,386
2021-09-07 22:18:06.146,/master/welcome,245
2021-09-07 22:18:06.949,/master/sign-in,641
2021-09-07 22:18:08.382,/master/welcome,606
2021-09-07 22:18:09.29,/administrator/task/create,610
2021-09-07 22:18:11.762,/master/welcome,621
2021-09-07 22:18:12.633,/administrator/task/list,621
2021-09-07 22:18:14.323,/administrator/task/show,609
2021-09-07 22:18:15.2,/master/welcome,344
2021-09-07 22:18:15.962,/master/welcome,644
2021-09-07 22:18:16.453,/master/welcome,388
2021-09-07 22:18:16.9,/master/welcome,416
2021-09-07 22:18:17.647,/master/sign-in,621
2021-09-07 22:18:18.979,/master/welcome,610
2021-09-07 22:18:19.901,/administrator/task/create,612
2021-09-07 22:18:22.519,/administrator/task/create,608
2021-09-07 22:18:22.954,/master/welcome,378
2021-09-07 22:18:23.357,/master/welcome,370
2021-09-07 22:18:24.129,/master/sign-in,647
2021-09-07 22:18:25.582,/master/welcome,593
2021-09-07 22:18:26.522,/administrator/task/create,622
2021-09-07 22:18:28.767,/administrator/task/create,610
2021-09-07 22:18:29.161,/master/welcome,328
2021-09-07 22:18:29.633,/master/welcome,445
2021-09-07 22:18:30.397,/master/sign-in,608
2021-09-07 22:18:31.81,/master/welcome,615
2021-09-07 22:18:33.338,/administrator/task/create,1227
2021-09-07 22:18:35.75,/administrator/task/create,615
2021-09-07 22:18:36.162,/master/welcome,357
2021-09-07 22:18:36.431,/master/welcome,246
2021-09-07 22:18:37.166,/master/sign-in,609
2021-09-07 22:18:38.565,/master/welcome,609
2021-09-07 22:18:39.411,/administrator/task/create,594
2021-09-07 22:18:41.777,/administrator/task/create,609
2021-09-07 22:18:42.183,/master/welcome,340
2021-09-07 22:18:42.485,/master/welcome,277
2021-09-07 22:18:43.183,/master/sign-in,591
2021-09-07 22:18:44.48,/master/welcome,609
2021-09-07 22:18:45.319,/administrator/task/create,590
2021-09-07 22:18:47.66,/administrator/task/create,610
2021-09-07 22:18:47.992,/master/welcome,276
2021-09-07 22:18:48.226,/master/welcome,202
2021-09-07 22:18:48.932,/master/sign-in,596
2021-09-07 22:18:50.438,/master/welcome,613
2021-09-07 22:18:51.995,/administrator/task/create,1246
2021-09-07 22:18:54.406,/administrator/task/create,655
2021-09-07 22:18:54.866,/master/welcome,407
2021-09-07 22:18:55.324,/master/welcome,428
2021-09-07 22:18:56.086,/master/sign-in,609
2021-09-07 22:18:57.485,/master/welcome,606
2021-09-07 22:18:58.387,/administrator/task/create,628
2021-09-07 22:19:00.654,/administrator/task/create,624
2021-09-07 22:19:01.098,/master/welcome,387
2021-09-07 22:19:01.361,/master/welcome,233
2021-09-07 22:19:02.069,/master/sign-in,596
2021-09-07 22:19:03.419,/master/welcome,610
2021-09-07 22:19:04.295,/administrator/task/create,597
2021-09-07 22:19:06.692,/administrator/task/create,620
2021-09-07 22:19:07.134,/master/welcome,351
2021-09-07 22:19:07.401,/master/welcome,238
2021-09-07 22:19:08.104,/master/sign-in,595
2021-09-07 22:19:09.421,/master/welcome,605
2021-09-07 22:19:10.289,/administrator/task/create,609
2021-09-07 22:19:12.58,/administrator/task/create,625
2021-09-07 22:19:12.952,/master/welcome,312
2021-09-07 22:19:13.308,/master/welcome,324
2021-09-07 22:19:14.061,/master/sign-in,609
2021-09-07 22:19:15.587,/master/welcome,615
2021-09-07 22:19:17.053,/administrator/task/create,1168
2021-09-07 22:19:19.418,/administrator/task/create,592
2021-09-07 22:19:19.917,/master/welcome,380
2021-09-07 22:19:20.141,/master/welcome,199
2021-09-07 22:19:20.88,/master/sign-in,613
2021-09-07 22:19:22.359,/master/welcome,608
2021-09-07 22:19:23.247,/administrator/task/create,593
2021-09-07 22:19:25.525,/administrator/task/create,609
2021-09-07 22:19:25.893,/master/welcome,309
2021-09-07 22:19:26.348,/master/welcome,424
2021-09-07 22:19:27.116,/master/sign-in,612
2021-09-07 22:19:28.584,/master/welcome,629
2021-09-07 22:19:30.101,/administrator/task/create,1189
2021-09-07 22:19:32.418,/administrator/task/create,615
2021-09-07 22:19:32.944,/master/welcome,461
2021-09-07 22:19:33.208,/master/welcome,236
2021-09-07 22:19:33.914,/master/sign-in,596
2021-09-07 22:19:35.242,/master/welcome,606
2021-09-07 22:19:36.132,/administrator/task/create,593
2021-09-07 22:19:38.627,/administrator/task/create,612
2021-09-07 22:19:39.083,/master/welcome,397
2021-09-07 22:19:39.333,/master/welcome,219
2021-09-07 22:19:40.077,/master/sign-in,613
2021-09-07 22:19:41.639,/master/welcome,639
2021-09-07 22:19:42.559,/administrator/task/create,626
2021-09-07 22:19:44.91,/administrator/task/create,632
2021-09-07 22:19:45.376,/master/welcome,356
2021-09-07 22:19:45.639,/master/welcome,232
2021-09-07 22:19:46.394,/master/sign-in,628
2021-09-07 22:19:47.86,/master/welcome,613
2021-09-07 22:19:48.742,/administrator/task/create,590
2021-09-07 22:19:50.916,/administrator/task/create,611
2021-09-07 22:19:51.395,/master/welcome,418
2021-09-07 22:19:51.658,/master/welcome,236
2021-09-07 22:19:52.365,/master/sign-in,594
2021-09-07 22:19:53.864,/master/welcome,608
2021-09-07 22:19:55.394,/administrator/task/create,1215
2021-09-07 22:19:57.696,/administrator/task/create,612
2021-09-07 22:20:02.993,/master/welcome,338
2021-09-07 22:20:03.237,/master/welcome,215
2021-09-07 22:20:03.943,/master/sign-in,595
2021-09-07 22:20:05.358,/master/welcome,625
2021-09-07 22:20:12.692,/master/welcome,308
2021-09-07 22:20:13.433,/master/welcome,632
2021-09-07 22:20:13.738,/master/welcome,233
2021-09-07 22:20:13.97,/master/welcome,201
2021-09-07 22:20:14.681,/master/sign-in,600
2021-09-07 22:20:16.143,/master/welcome,625
2021-09-07 22:20:17.046,/administrator/task/list,608
2021-09-07 22:20:18.795,/administrator/task/show,612
2021-09-07 22:20:21.09,/administrator/task/update,585
2021-09-07 22:20:21.959,/administrator/task/list,611
2021-09-07 22:20:23.75,/administrator/task/show,610
2021-09-07 22:20:24.598,/master/welcome,265
2021-09-07 22:20:25.335,/master/welcome,625
2021-09-07 22:20:25.842,/master/welcome,417
2021-09-07 22:20:26.307,/master/welcome,432
2021-09-07 22:20:27.08,/master/sign-in,659
2021-09-07 22:20:28.559,/master/welcome,613
2021-09-07 22:20:29.448,/administrator/task/list,595
2021-09-07 22:20:31.044,/administrator/task/show,595
2021-09-07 22:20:33.263,/administrator/task/update,612
2021-09-07 22:20:34.092,/administrator/task/list,598
2021-09-07 22:20:35.826,/administrator/task/show,609
2021-09-07 22:20:37.003,/master/welcome,479
2021-09-07 22:20:37.775,/master/welcome,626
2021-09-07 22:20:38.299,/master/welcome,437
2021-09-07 22:20:38.72,/master/welcome,391
2021-09-07 22:20:39.481,/master/sign-in,627
2021-09-07 22:20:40.988,/master/welcome,610
2021-09-07 22:20:42.465,/administrator/task/list,1185
2021-09-07 22:20:44.193,/administrator/task/show,620
2021-09-07 22:20:46.447,/administrator/task/update,629
2021-09-07 22:20:47.852,/administrator/task/list,1172
2021-09-07 22:20:49.548,/administrator/task/show,617
2021-09-07 22:20:50.347,/master/welcome,244
2021-09-07 22:20:51.074,/master/welcome,613
2021-09-07 22:20:51.459,/master/welcome,299
2021-09-07 22:20:51.693,/master/welcome,205
2021-09-07 22:20:52.411,/master/sign-in,613
2021-09-07 22:20:53.771,/master/welcome,597
2021-09-07 22:20:54.899,/master/welcome,425
2021-09-07 22:20:55.641,/master/welcome,614
2021-09-07 22:20:56.119,/master/welcome,376
2021-09-07 22:20:56.583,/master/welcome,425
2021-09-07 22:20:57.354,/master/sign-in,624
2021-09-07 22:20:58.808,/master/welcome,609
2021-09-07 22:20:59.958,/master/welcome,434
2021-09-07 22:21:00.817,/master/welcome,672
2021-09-07 22:21:01.108,/master/welcome,221
2021-09-07 22:21:01.542,/master/welcome,408
2021-09-07 22:21:02.331,/master/sign-in,646
2021-09-07 22:21:03.757,/master/welcome,589
2021-09-07 22:21:04.756,/master/welcome,378
2021-09-07 22:21:05.489,/master/welcome,623
2021-09-07 22:21:05.951,/master/welcome,373
2021-09-07 22:21:06.41,/master/welcome,429
2021-09-07 22:21:07.177,/master/sign-in,623
2021-09-07 22:21:08.569,/master/welcome,596
2021-09-07 22:21:09.535,/administrator/task/list,616
2021-09-07 22:21:11.148,/administrator/task/show,613
2021-09-07 22:21:13.646,/administrator/task/list,645
2021-09-07 22:21:14.413,/administrator/task/list,594
2021-09-07 22:21:16.146,/administrator/task/show,652
2021-09-07 22:21:17.025,/master/welcome,264
2021-09-07 22:21:17.812,/master/welcome,642
2021-09-07 22:21:18.387,/master/welcome,438
2021-09-07 22:21:18.806,/master/welcome,391
2021-09-07 22:21:19.56,/master/sign-in,626
2021-09-07 22:21:21.055,/master/welcome,614
2021-09-07 22:21:22.021,/administrator/task/list,607
2021-09-07 22:21:23.835,/administrator/task/show,612
2021-09-07 22:21:26.306,/administrator/task/list,621
2021-09-07 22:21:27.076,/administrator/task/list,594
2021-09-07 22:21:29.384,/administrator/task/show,1200
2021-09-07 22:21:30.272,/master/welcome,309
2021-09-07 22:21:31.069,/master/welcome,636
2021-09-07 22:21:31.688,/master/welcome,450
2021-09-07 22:21:31.94,/master/welcome,221
2021-09-07 22:21:32.684,/master/sign-in,615
2021-09-07 22:21:34.183,/master/welcome,610
2021-09-07 22:21:35.113,/administrator/task/list,619
2021-09-07 22:21:36.8,/administrator/task/show,609
2021-09-07 22:21:39.11,/administrator/task/list,625
2021-09-07 22:21:40.002,/administrator/task/list,631
2021-09-07 22:21:41.683,/administrator/task/show,608
2021-09-07 22:21:42.488,/master/welcome,263
2021-09-07 22:21:43.197,/master/welcome,597
2021-09-07 22:21:48.662,/master/welcome,303
2021-09-07 22:21:48.896,/master/welcome,201
2021-09-07 22:21:49.633,/master/sign-in,610
2021-09-07 22:21:51.059,/master/welcome,604
2021-09-07 22:21:57.787,/master/welcome,297
2021-09-07 22:21:58.526,/master/welcome,625
2021-09-07 22:21:58.922,/master/welcome,295
2021-09-07 22:21:59.187,/master/welcome,232
2021-09-07 22:21:59.946,/master/sign-in,630
2021-09-07 22:22:01.298,/master/welcome,607
2021-09-07 22:22:02.759,/authenticated/task/list,1169
2021-09-07 22:22:05.884,/authenticated/task/show,1167
2021-09-07 22:22:06.844,/authenticated/task/list,602
2021-09-07 22:22:07.227,/master/welcome,361
2021-09-07 22:22:08.01,/master/welcome,657
2021-09-07 22:22:08.447,/master/welcome,363
2021-09-07 22:22:08.729,/master/welcome,255
2021-09-07 22:22:09.463,/master/sign-in,608
2021-09-07 22:22:10.947,/master/welcome,613
2021-09-07 22:22:11.923,/authenticated/task/list,659
2021-09-07 22:22:14.349,/authenticated/task/show,615
2021-09-07 22:22:15.72,/authenticated/task/list,693
2021-09-07 22:22:16.193,/master/welcome,432
2021-09-07 22:22:16.943,/master/welcome,627
2021-09-07 22:22:17.297,/master/welcome,263
2021-09-07 22:22:17.781,/master/welcome,455
2021-09-07 22:22:18.517,/master/sign-in,613
2021-09-07 22:22:19.964,/master/welcome,626
2021-09-07 22:22:20.867,/authenticated/task/list,608
2021-09-07 22:22:21.57,/authenticated/task/list,632
2021-09-07 22:22:24.087,/authenticated/task/show,597
2021-09-07 22:22:25.05,/authenticated/task/list,606
2021-09-07 22:22:25.533,/master/welcome,438
2021-09-07 22:22:26.287,/master/welcome,627
2021-09-07 22:22:26.722,/master/welcome,344
2021-09-07 22:22:26.952,/master/welcome,202
2021-09-07 22:22:27.663,/master/sign-in,599
2021-09-07 22:22:29.065,/master/welcome,615
2021-09-07 22:22:30.023,/authenticated/task/list,658
2021-09-07 22:22:30.706,/authenticated/task/list,612
2021-09-07 22:22:33.171,/authenticated/task/show,611
2021-09-07 22:22:34.291,/authenticated/task/list,666
2021-09-07 22:22:34.561,/master/welcome,235
2021-09-07 22:22:35.283,/master/welcome,596
2021-09-07 22:22:35.637,/master/welcome,257
2021-09-07 22:22:35.87,/master/welcome,203
2021-09-07 22:22:36.59,/master/sign-in,594
2021-09-07 22:22:37.946,/master/welcome,601
2021-09-07 22:22:38.949,/authenticated/task/list,636
2021-09-07 22:22:39.602,/authenticated/task/list-sorted-by-execution-period,592
2021-09-07 22:22:42.075,/authenticated/task/show,608
2021-09-07 22:22:43.068,/authenticated/task/list-sorted-by-execution-period,624
2021-09-07 22:22:43.4,/master/welcome,305
2021-09-07 22:22:44.146,/master/welcome,623
2021-09-07 22:22:44.595,/master/welcome,376
2021-09-07 22:22:44.831,/master/welcome,205
2021-09-07 22:22:45.563,/master/sign-in,587
2021-09-07 22:22:47.136,/master/welcome,621
2021-09-07 22:22:48.111,/authenticated/task/list,669
2021-09-07 22:22:48.791,/authenticated/task/list-sorted-by-execution-period,596
2021-09-07 22:22:51.3,/authenticated/task/show,607
2021-09-07 22:22:52.353,/authenticated/task/list-sorted-by-execution-period,689
2021-09-07 22:22:52.866,/master/welcome,465
2021-09-07 22:22:53.648,/master/welcome,629
2021-09-07 22:22:54.091,/master/welcome,351
2021-09-07 22:22:54.541,/master/welcome,421
2021-09-07 22:22:55.307,/master/sign-in,623
2021-09-07 22:22:56.752,/master/welcome,613
2021-09-07 22:22:57.806,/authenticated/task/list,606
2021-09-07 22:22:58.475,/authenticated/task/list-sorted-by-workload,607
2021-09-07 22:23:01.02,/authenticated/task/show,611
2021-09-07 22:23:02.029,/authenticated/task/list-sorted-by-workload,625
2021-09-07 22:23:02.422,/master/welcome,362
2021-09-07 22:23:03.174,/master/welcome,625
2021-09-07 22:23:03.712,/master/welcome,400
2021-09-07 22:23:04.123,/master/welcome,378
2021-09-07 22:23:04.858,/master/sign-in,626
2021-09-07 22:23:06.371,/master/welcome,593
2021-09-07 22:23:07.323,/authenticated/task/list,611
2021-09-07 22:23:07.979,/authenticated/task/list-sorted-by-workload,596
2021-09-07 22:23:10.499,/authenticated/task/show,612
2021-09-07 22:23:11.516,/authenticated/task/list-sorted-by-workload,614
2021-09-07 22:23:11.99,/master/welcome,446
2021-09-07 22:23:12.741,/master/welcome,612
2021-09-07 22:23:13.174,/master/welcome,327
2021-09-07 22:23:13.746,/master/welcome,544
2021-09-07 22:23:14.569,/master/sign-in,633
2021-09-07 22:23:16.061,/master/welcome,606
2021-09-07 22:23:16.945,/master/welcome,275
2021-09-07 22:23:17.179,/master/welcome,207
2021-09-07 22:23:17.886,/master/sign-in,596
2021-09-07 22:23:19.351,/master/welcome,612
2021-09-07 22:23:20.339,/master/welcome,420
2021-09-07 22:23:20.669,/master/welcome,298
2021-09-07 22:23:21.42,/master/sign-in,626
2021-09-07 22:23:22.911,/master/welcome,610
2021-09-07 22:23:23.827,/master/welcome,357
2021-09-07 22:23:24.106,/master/welcome,251
2021-09-07 22:23:24.849,/master/sign-in,612
2021-09-07 22:23:26.324,/master/welcome,607
2021-09-07 22:23:27.032,/master/welcome,224
2021-09-07 22:23:27.266,/master/welcome,201
2021-09-07 22:23:28.009,/master/sign-in,613
2021-09-07 22:23:29.51,/master/welcome,607
2021-09-07 22:23:30.275,/master/welcome,238
2021-09-07 22:23:30.502,/master/welcome,212
2021-09-07 22:23:31.23,/master/sign-in,614
2021-09-07 22:23:32.681,/master/welcome,609
2021-09-07 22:23:33.238,/master/welcome,219
2021-09-07 22:23:33.711,/master/welcome,443
2021-09-07 22:23:34.517,/master/sign-in,672
2021-09-07 22:23:36.086,/master/welcome,625
2021-09-07 22:23:37.154,/master/welcome,351
2021-09-07 22:23:37.621,/master/welcome,448
2021-09-07 22:23:38.357,/master/sign-in,607
2021-09-07 22:23:39.852,/master/welcome,606
2021-09-07 22:23:40.484,/master/welcome,222
2021-09-07 22:23:40.719,/master/welcome,205
2021-09-07 22:23:41.419,/master/sign-in,590
2021-09-07 22:23:42.822,/master/welcome,593
2021-09-07 22:23:48.04,/master/welcome,297
2021-09-07 22:23:48.286,/master/welcome,215
2021-09-07 22:23:49.014,/master/sign-in,615
2021-09-07 22:23:50.442,/master/welcome,605
2021-09-07 22:23:57.408,/master/welcome,553
2021-09-07 22:23:58.148,/master/welcome,613
2021-09-07 22:23:58.746,/master/welcome,493
2021-09-07 22:23:59.191,/master/welcome,404
2021-09-07 22:23:59.936,/master/sign-in,609
2021-09-07 22:24:01.299,/master/welcome,634
2021-09-07 22:24:02.751,/manageracc/task/list,1143
2021-09-07 22:24:03.574,/manageracc/task/list-sorted-by-execution-period,661
2021-09-07 22:24:05.938,/manageracc/task/show,1160
2021-09-07 22:24:06.388,/master/welcome,232
2021-09-07 22:24:06.621,/master/welcome,206
2021-09-07 22:24:07.368,/master/sign-in,617
2021-09-07 22:24:08.787,/master/welcome,612
2021-09-07 22:24:09.674,/manageracc/task/list,608
2021-09-07 22:24:10.331,/manageracc/task/list-sorted-by-execution-period,594
2021-09-07 22:24:11.936,/manageracc/task/show,613
2021-09-07 22:24:12.621,/master/welcome,267
2021-09-07 22:24:12.886,/master/welcome,235
2021-09-07 22:24:13.648,/master/sign-in,631
2021-09-07 22:24:15.088,/master/welcome,609
2021-09-07 22:24:50.005,/master/welcome,358
2021-09-07 22:24:50.251,/master/welcome,215
2021-09-07 22:24:50.944,/master/sign-in,587
2021-09-07 22:24:52.196,/master/welcome,588
2021-09-07 22:24:58.194,/master/welcome,246
2021-09-07 22:24:58.897,/master/welcome,595
2021-09-07 22:24:59.211,/master/welcome,238
2021-09-07 22:24:59.46,/master/welcome,218
2021-09-07 22:25:00.163,/master/sign-in,594
2021-09-07 22:25:01.561,/master/welcome,611
2021-09-07 22:25:03.015,/manageracc/task/list,1155
2021-09-07 22:25:03.685,/manageracc/task/list-sorted-by-workload,611
2021-09-07 22:25:06.087,/manageracc/task/show,1254
2021-09-07 22:25:06.689,/master/welcome,312
2021-09-07 22:25:07.225,/master/welcome,506
2021-09-07 22:25:07.934,/master/sign-in,592
2021-09-07 22:25:09.214,/master/welcome,594
2021-09-07 22:25:10.102,/manageracc/task/list,624
2021-09-07 22:25:10.76,/manageracc/task/list-sorted-by-workload,596
2021-09-07 22:25:12.45,/manageracc/task/show,613
2021-09-07 22:25:13.159,/master/welcome,406
2021-09-07 22:25:13.552,/master/welcome,358
2021-09-07 22:25:14.293,/master/sign-in,611
2021-09-07 22:25:15.743,/master/welcome,611
2021-09-07 22:25:51.306,/master/welcome,343
2021-09-07 22:25:51.55,/master/welcome,214
2021-09-07 22:25:52.269,/master/sign-in,614
2021-09-07 22:25:53.681,/master/welcome,601
2021-09-07 22:26:00.4,/master/welcome,359
2021-09-07 22:26:01.151,/master/welcome,607
2021-09-07 22:26:01.706,/master/welcome,456
2021-09-07 22:26:01.978,/master/welcome,238
2021-09-07 22:26:02.698,/master/sign-in,592
2021-09-07 22:26:04.125,/master/welcome,615
2021-09-07 22:26:05.616,/manageracc/task/list,1196
2021-09-07 22:26:07.284,/manageracc/task/show,608
2021-09-07 22:26:07.758,/master/welcome,255
2021-09-07 22:26:07.991,/master/welcome,205
2021-09-07 22:26:08.695,/master/sign-in,593
2021-09-07 22:26:09.98,/master/welcome,600
2021-09-07 22:26:11.011,/manageracc/task/list,650
2021-09-07 22:26:12.635,/manageracc/task/show,614
2021-09-07 22:26:13.379,/master/welcome,452
2021-09-07 22:26:13.8,/master/welcome,389
2021-09-07 22:26:14.556,/master/sign-in,613
2021-09-07 22:26:16.019,/master/welcome,617
2021-09-07 22:26:51.56,/master/welcome,323
2021-09-07 22:26:51.79,/master/welcome,199
2021-09-07 22:26:52.491,/master/sign-in,594
2021-09-07 22:26:53.887,/master/welcome,608
2021-09-07 22:27:00.565,/master/welcome,283
2021-09-07 22:27:01.349,/master/welcome,674
2021-09-07 22:27:01.888,/master/welcome,427
2021-09-07 22:27:02.322,/master/welcome,406
2021-09-07 22:27:03.108,/master/sign-in,640
2021-09-07 22:27:04.492,/master/welcome,609
2021-09-07 22:27:35.107,/master/welcome,401
2021-09-07 22:27:35.376,/master/welcome,237
2021-09-07 22:28:10.472,/master/welcome,348
2021-09-07 22:28:10.704,/master/welcome,201
2021-09-07 22:28:11.446,/master/sign-in,609
2021-09-07 22:28:12.831,/master/welcome,602
2021-09-07 22:28:19.629,/master/welcome,312
2021-09-07 22:28:20.382,/master/welcome,641
2021-09-07 22:28:20.996,/master/welcome,515
2021-09-07 22:28:21.362,/master/welcome,313
2021-09-07 22:28:22.126,/master/sign-in,616
2021-09-07 22:28:23.494,/master/welcome,606
2021-09-07 22:28:24.298,/master/welcome,234
2021-09-07 22:28:25.027,/master/welcome,602
2021-09-07 22:28:25.515,/master/welcome,402
2021-09-07 22:28:25.88,/master/welcome,313
2021-09-07 22:28:26.612,/master/sign-in,610
2021-09-07 22:28:27.984,/master/welcome,613
2021-09-07 22:28:28.619,/master/welcome,233
2021-09-07 22:28:29.326,/master/welcome,593
2021-09-07 22:28:29.811,/master/welcome,389
2021-09-07 22:28:30.264,/master/welcome,425
2021-09-07 22:28:31.07,/master/sign-in,663
2021-09-07 22:28:32.509,/master/welcome,611
2021-09-07 22:28:33.462,/manageracc/task/list,671
2021-09-07 22:28:35.288,/manageracc/task/show,629
2021-09-07 22:28:36.535,/manageracc/task/list,1170
2021-09-07 22:28:37.06,/master/welcome,216
2021-09-07 22:28:37.308,/master/welcome,219
2021-09-07 22:28:38.044,/master/sign-in,608
2021-09-07 22:28:39.559,/master/welcome,639
2021-09-07 22:28:40.474,/manageracc/task/list,622
2021-09-07 22:28:42.102,/manageracc/task/show,598
2021-09-07 22:28:43.365,/manageracc/task/list,1189
2021-09-07 22:28:48.492,/master/welcome,274
2021-09-07 22:28:48.738,/master/welcome,213
2021-09-07 22:28:49.443,/master/sign-in,595
2021-09-07 22:28:50.934,/master/welcome,625
2021-09-07 22:28:57.587,/master/welcome,234
2021-09-07 22:28:58.295,/master/welcome,594
2021-09-07 22:28:58.645,/master/welcome,248
2021-09-07 22:28:58.88,/master/welcome,205
2021-09-07 22:28:59.589,/master/sign-in,594
2021-09-07 22:29:01.05,/master/welcome,615
2021-09-07 22:29:01.921,/manageracc/task/create,595
2021-09-07 22:29:04.318,/master/welcome,593
2021-09-07 22:29:05.09,/manageracc/task/list,598
2021-09-07 22:29:06.766,/manageracc/task/show,584
2021-09-07 22:29:07.524,/master/welcome,247
2021-09-07 22:29:08.227,/master/welcome,592
2021-09-07 22:29:08.588,/master/welcome,223
2021-09-07 22:29:08.886,/master/welcome,269
2021-09-07 22:29:09.607,/master/sign-in,597
2021-09-07 22:29:11.014,/master/welcome,611
2021-09-07 22:29:12.573,/manageracc/task/create,1213
2021-09-07 22:29:14.774,/master/welcome,626
2021-09-07 22:29:15.541,/manageracc/task/list,595
2021-09-07 22:29:17.276,/manageracc/task/show,622
2021-09-07 22:29:18.438,/master/welcome,433
2021-09-07 22:29:19.196,/master/welcome,613
2021-09-07 22:29:19.624,/master/welcome,340
2021-09-07 22:29:19.891,/master/welcome,238
2021-09-07 22:29:20.633,/master/sign-in,611
2021-09-07 22:29:22.262,/master/welcome,609
2021-09-07 22:29:23.71,/manageracc/task/create,1167
2021-09-07 22:29:26.649,/master/welcome,1201
2021-09-07 22:29:28.037,/manageracc/task/list,1169
2021-09-07 22:29:29.702,/manageracc/task/show,614
2021-09-07 22:29:30.592,/master/welcome,282
2021-09-07 22:29:31.295,/master/welcome,591
2021-09-07 22:29:31.81,/master/welcome,416
2021-09-07 22:29:32.18,/master/welcome,347
2021-09-07 22:29:32.931,/master/sign-in,620
2021-09-07 22:29:34.421,/master/welcome,643
2021-09-07 22:29:35.404,/manageracc/task/create,607
2021-09-07 22:29:37.718,/master/welcome,601
2021-09-07 22:29:38.536,/manageracc/task/list,636
2021-09-07 22:29:40.355,/manageracc/task/show,608
2021-09-07 22:29:41.271,/master/welcome,262
2021-09-07 22:29:41.996,/master/welcome,613
2021-09-07 22:29:42.331,/master/welcome,245
2021-09-07 22:29:42.791,/master/welcome,423
2021-09-07 22:29:43.614,/master/sign-in,625
2021-09-07 22:29:45.089,/master/welcome,626
2021-09-07 22:29:46.009,/manageracc/task/create,589
2021-09-07 22:29:48.935,/master/welcome,1199
2021-09-07 22:29:49.75,/manageracc/task/list,598
2021-09-07 22:29:51.488,/manageracc/task/show,614
2021-09-07 22:29:52.346,/master/welcome,281
2021-09-07 22:29:53.085,/master/welcome,599
2021-09-07 22:29:53.569,/master/welcome,375
2021-09-07 22:29:53.912,/master/welcome,313
2021-09-07 22:29:54.638,/master/sign-in,601
2021-09-07 22:29:56.101,/master/welcome,605
2021-09-07 22:29:57.602,/manageracc/task/create,1186
2021-09-07 22:29:59.906,/manageracc/task/create,629
2021-09-07 22:30:00.317,/master/welcome,351
2021-09-07 22:30:00.75,/master/welcome,406
2021-09-07 22:30:01.493,/master/sign-in,611
2021-09-07 22:30:02.883,/master/welcome,608
2021-09-07 22:30:03.817,/manageracc/task/create,592
2021-09-07 22:30:06.3,/manageracc/task/create,612
2021-09-07 22:30:06.576,/master/welcome,231
2021-09-07 22:30:06.965,/master/welcome,360
2021-09-07 22:30:07.713,/master/sign-in,620
2021-09-07 22:30:09.128,/master/welcome,622
2021-09-07 22:30:09.972,/manageracc/task/create,594
2021-09-07 22:30:12.086,/manageracc/task/create,612
2021-09-07 22:30:12.58,/master/welcome,418
2021-09-07 22:30:12.825,/master/welcome,216
2021-09-07 22:30:13.561,/master/sign-in,601
2021-09-07 22:30:15.056,/master/welcome,611
2021-09-07 22:30:16.571,/manageracc/task/create,1219
2021-09-07 22:30:19.054,/manageracc/task/create,615
2021-09-07 22:30:19.461,/master/welcome,341
2021-09-07 22:30:19.891,/master/welcome,405
2021-09-07 22:30:20.662,/master/sign-in,639
2021-09-07 22:30:22.219,/master/welcome,624
2021-09-07 22:30:23.112,/manageracc/task/create,598
2021-09-07 22:30:25.539,/manageracc/task/create,652
2021-09-07 22:30:26.043,/master/welcome,432
2021-09-07 22:30:26.276,/master/welcome,202
2021-09-07 22:30:27.009,/master/sign-in,608
2021-09-07 22:30:28.509,/master/welcome,610
2021-09-07 22:30:30.025,/manageracc/task/create,1223
2021-09-07 22:30:32.321,/manageracc/task/create,613
2021-09-07 22:30:32.762,/master/welcome,390
2021-09-07 22:30:32.996,/master/welcome,205
2021-09-07 22:30:33.756,/master/sign-in,612
2021-09-07 22:30:35.267,/master/welcome,609
2021-09-07 22:30:36.839,/manageracc/task/create,1279
2021-09-07 22:30:39.191,/manageracc/task/create,604
2021-09-07 22:30:39.594,/master/welcome,342
2021-09-07 22:30:39.921,/master/welcome,292
2021-09-07 22:30:40.684,/master/sign-in,604
2021-09-07 22:30:42.144,/master/welcome,610
2021-09-07 22:30:43.006,/manageracc/task/create,611
2021-09-07 22:30:45.178,/manageracc/task/create,606
2021-09-07 22:30:45.554,/master/welcome,320
2021-09-07 22:30:45.928,/master/welcome,343
2021-09-07 22:30:46.641,/master/sign-in,604
2021-09-07 22:30:48.14,/master/welcome,640
2021-09-07 22:30:49.642,/manageracc/task/create,1203
2021-09-07 22:30:52.0,/manageracc/task/create,651
2021-09-07 22:30:52.415,/master/welcome,356
2021-09-07 22:30:52.786,/master/welcome,343
2021-09-07 22:30:53.524,/master/sign-in,604
2021-09-07 22:30:54.884,/master/welcome,609
2021-09-07 22:30:55.8,/manageracc/task/create,608
2021-09-07 22:30:58.278,/manageracc/task/create,611
2021-09-07 22:30:58.632,/master/welcome,296
2021-09-07 22:30:58.93,/master/welcome,267
2021-09-07 22:30:59.682,/master/sign-in,607
2021-09-07 22:31:01.179,/master/welcome,608
2021-09-07 22:31:02.1,/manageracc/task/create,610
2021-09-07 22:31:04.353,/manageracc/task/create,651
2021-09-07 22:31:04.873,/master/welcome,464
2021-09-07 22:31:05.201,/master/welcome,301
2021-09-07 22:31:05.934,/master/sign-in,603
2021-09-07 22:31:07.323,/master/welcome,614
2021-09-07 22:31:08.197,/manageracc/task/create,624
2021-09-07 22:31:10.694,/manageracc/task/create,623
2021-09-07 22:31:11.222,/master/welcome,470
2021-09-07 22:31:11.453,/master/welcome,203
2021-09-07 22:31:12.188,/master/sign-in,613
2021-09-07 22:31:13.779,/master/welcome,611
2021-09-07 22:31:14.676,/manageracc/task/create,604
2021-09-07 22:31:16.955,/manageracc/task/create,639
2021-09-07 22:31:17.352,/master/welcome,352
2021-09-07 22:31:17.801,/master/welcome,420
2021-09-07 22:31:18.555,/master/sign-in,611
2021-09-07 22:31:20.028,/master/welcome,616
2021-09-07 22:31:20.965,/manageracc/task/create,609
2021-09-07 22:31:23.286,/manageracc/task/create,610
2021-09-07 22:31:23.722,/master/welcome,390
2021-09-07 22:31:24.002,/master/welcome,251
2021-09-07 22:31:24.751,/master/sign-in,605
2021-09-07 22:31:26.302,/master/welcome,610
2021-09-07 22:31:27.203,/manageracc/task/create,610
2021-09-07 22:31:29.41,/manageracc/task/create,644
2021-09-07 22:31:29.884,/master/welcome,419
2021-09-07 22:31:30.131,/master/welcome,217
2021-09-07 22:31:30.87,/master/sign-in,613
2021-09-07 22:31:32.312,/master/welcome,630
2021-09-07 22:31:33.212,/manageracc/task/create,609
2021-09-07 22:31:35.274,/manageracc/task/create,609
2021-09-07 22:31:40.587,/master/welcome,270
2021-09-07 22:31:40.82,/master/welcome,208
2021-09-07 22:31:41.552,/master/sign-in,622
2021-09-07 22:31:42.948,/master/welcome,606
2021-09-07 22:31:49.647,/master/welcome,252
2021-09-07 22:31:50.353,/master/welcome,596
2021-09-07 22:31:50.668,/master/welcome,236
2021-09-07 22:31:50.913,/master/welcome,207
2021-09-07 22:31:51.625,/master/sign-in,600
2021-09-07 22:31:53.105,/master/welcome,626
2021-09-07 22:31:54.056,/manageracc/task/list,669
2021-09-07 22:31:55.853,/manageracc/task/show,606
2021-09-07 22:31:57.922,/manageracc/task/update,621
2021-09-07 22:31:58.694,/manageracc/task/list,596
2021-09-07 22:32:00.426,/manageracc/task/show,610
2021-09-07 22:32:01.194,/master/welcome,448
2021-09-07 22:32:01.428,/master/welcome,204
2021-09-07 22:32:02.188,/master/sign-in,628
2021-09-07 22:32:03.694,/master/welcome,603
2021-09-07 22:32:04.666,/manageracc/task/list,722
2021-09-07 22:32:06.297,/manageracc/task/show,594
2021-09-07 22:32:08.421,/manageracc/task/update,591
2021-09-07 22:32:09.28,/manageracc/task/list,629
2021-09-07 22:32:10.888,/manageracc/task/show,600
2021-09-07 22:32:11.506,/master/welcome,340
2021-09-07 22:32:11.883,/master/welcome,342
2021-09-07 22:32:12.637,/master/sign-in,628
2021-09-07 22:32:14.129,/master/welcome,621
2021-09-07 22:32:14.934,/master/welcome,221
2021-09-07 22:32:15.687,/master/welcome,624
2021-09-07 22:32:16.191,/master/welcome,427
2021-09-07 22:32:16.677,/master/welcome,453
2021-09-07 22:32:17.564,/master/sign-in,715
2021-09-07 22:32:19.062,/master/welcome,607
2021-09-07 22:32:19.983,/master/welcome,297
2021-09-07 22:32:20.724,/master/welcome,612
2021-09-07 22:32:21.185,/master/welcome,346
2021-09-07 22:32:21.444,/master/welcome,230
2021-09-07 22:32:22.223,/master/sign-in,627
2021-09-07 22:32:23.669,/master/welcome,626
2021-09-07 22:32:24.546,/manageracc/task/list,593
2021-09-07 22:32:26.296,/manageracc/task/show,608
2021-09-07 22:32:28.686,/manageracc/task/update,596
2021-09-07 22:32:29.524,/manageracc/task/list,592
2021-09-07 22:32:30.35,/master/welcome,424
2021-09-07 22:32:30.769,/master/welcome,389
2021-09-07 22:32:31.547,/master/sign-in,638
2021-09-07 22:32:33.017,/master/welcome,607
2021-09-07 22:32:33.962,/manageracc/task/list,672
2021-09-07 22:32:35.733,/manageracc/task/show,611
2021-09-07 22:32:37.978,/manageracc/task/update,595
2021-09-07 22:32:38.855,/manageracc/task/list,618
2021-09-07 22:32:44.157,/master/welcome,341
2021-09-07 22:32:44.406,/master/welcome,221
2021-09-07 22:32:45.151,/master/sign-in,614
2021-09-07 22:32:46.557,/master/welcome,605
2021-09-07 22:32:53.463,/master/welcome,496
2021-09-07 22:32:54.218,/master/welcome,624
2021-09-07 22:32:54.758,/master/welcome,443
2021-09-07 22:32:55.132,/master/welcome,333
2021-09-07 22:32:55.843,/master/sign-in,594
2021-09-07 22:32:57.36,/master/welcome,629
2021-09-07 22:32:58.266,/administrator/dashboard/show,608
2021-09-07 22:32:58.656,/master/welcome,283
2021-09-07 22:32:59.363,/master/welcome,592
2021-09-07 22:32:59.768,/master/welcome,268
2021-09-07 22:32:59.987,/master/welcome,193
2021-09-07 22:33:00.706,/master/sign-in,595
2021-09-07 22:33:02.149,/master/welcome,621
2021-09-07 22:33:02.966,/administrator/dashboard/show,597
2021-09-07 22:33:03.383,/master/welcome,283
2021-09-07 22:33:03.867,/master/welcome,220
2021-09-07 22:33:04.131,/master/welcome,230
2021-09-07 22:33:04.855,/master/sign-in,606
2021-09-07 22:33:06.306,/master/welcome,607
2021-09-07 22:33:07.361,/master/welcome,455
2021-09-07 22:33:08.221,/master/welcome,653
2021-09-07 22:33:08.711,/master/welcome,407
2021-09-07 22:33:09.055,/master/welcome,313
2021-09-07 22:33:09.8,/master/sign-in,612
2021-09-07 22:33:11.182,/master/welcome,596
2021-09-07 22:33:12.037,/master/welcome,337
2021-09-07 22:33:12.816,/master/welcome,657
2021-09-07 22:33:17.799,/master/welcome,309
2021-09-07 22:33:18.063,/master/welcome,234
2021-09-07 22:33:18.772,/master/sign-in,598
2021-09-07 22:33:20.17,/master/welcome,605
2021-09-07 22:33:26.332,/master/welcome,288
2021-09-07 22:33:27.042,/master/welcome,600
2021-09-07 22:33:27.447,/master/welcome,311
2021-09-07 22:33:27.962,/master/welcome,491
2021-09-07 22:33:28.699,/master/sign-in,614
2021-09-07 22:33:30.275,/master/welcome,606
2021-09-07 22:33:31.163,/administrator/task/create,611
2021-09-07 22:33:33.353,/master/welcome,601
2021-09-07 22:33:34.79,/administrator/task/list,1198
2021-09-07 22:33:35.127,/master/welcome,311
2021-09-07 22:33:35.834,/master/welcome,597
2021-09-07 22:33:36.63,/anonymous/task/list,592
2021-09-07 22:33:38.758,/master/welcome,406
2021-09-07 22:33:39.006,/master/welcome,218
2021-09-07 22:33:39.777,/master/sign-in,621
2021-09-07 22:33:41.24,/master/welcome,610
2021-09-07 22:33:42.126,/administrator/task/create,591
2021-09-07 22:33:44.393,/master/welcome,605
2021-09-07 22:33:45.245,/administrator/task/list,606
2021-09-07 22:33:45.843,/master/welcome,568
2021-09-07 22:33:46.781,/master/welcome,727
2021-09-07 22:33:47.631,/anonymous/task/list,605
2021-09-07 22:33:49.701,/master/welcome,406
2021-09-07 22:33:50.605,/anonymous/task/list,683
2021-09-07 22:33:51.323,/anonymous/task/list-by-execution-period,632
2021-09-07 22:33:51.995,/anonymous/task/list,612
2021-09-07 22:33:53.896,/master/welcome,310
2021-09-07 22:33:54.707,/anonymous/task/list,587
2021-09-07 22:33:55.447,/anonymous/task/list-by-execution-period,658
2021-09-07 22:33:56.148,/anonymous/task/list,633
2021-09-07 22:33:58.52,/master/welcome,416
2021-09-07 22:33:59.034,/master/welcome,220
2021-09-07 22:34:04.613,/master/welcome,357
2021-09-07 22:34:04.856,/master/welcome,215
2021-09-07 22:34:05.586,/master/sign-in,592
2021-09-07 22:34:07.05,/master/welcome,691
2021-09-07 22:34:13.774,/master/welcome,266
2021-09-07 22:34:14.513,/master/welcome,610
2021-09-07 22:34:14.959,/master/welcome,354
2021-09-07 22:34:15.331,/master/welcome,342
2021-09-07 22:34:16.133,/master/sign-in,638
2021-09-07 22:34:17.592,/master/welcome,610
2021-09-07 22:34:18.422,/administrator/task/create,592
2021-09-07 22:34:21.515,/master/welcome,1292
2021-09-07 22:34:22.438,/administrator/task/list,639
2021-09-07 22:34:22.956,/master/welcome,478
2021-09-07 22:34:23.656,/master/welcome,596
2021-09-07 22:34:24.696,/anonymous/task/list,667
2021-09-07 22:34:25.473,/anonymous/task/list-by-execution-period,640
2021-09-07 22:34:27.219,/master/welcome,267
2021-09-07 22:34:27.527,/master/welcome,279
2021-09-07 22:34:28.241,/master/sign-in,604
2021-09-07 22:34:29.688,/master/welcome,639
2021-09-07 22:34:30.51,/administrator/task/create,590
2021-09-07 22:34:33.357,/master/welcome,1202
2021-09-07 22:34:34.3,/administrator/task/list,674
2021-09-07 22:34:34.719,/master/welcome,383
2021-09-07 22:34:35.426,/master/welcome,602
2021-09-07 22:34:36.246,/anonymous/task/list,585
2021-09-07 22:34:36.899,/anonymous/task/list-by-execution-period,584
2021-09-07 22:34:38.831,/master/welcome,359
2021-09-07 22:34:39.496,/master/welcome,324
2021-09-07 22:34:45.518,/master/welcome,476
2021-09-07 22:34:45.843,/master/welcome,294
2021-09-07 22:34:46.555,/master/sign-in,587
2021-09-07 22:34:48.048,/master/welcome,624
2021-09-07 22:34:54.218,/master/welcome,265
2021-09-07 22:34:54.922,/master/welcome,595
2021-09-07 22:34:55.42,/master/welcome,403
2021-09-07 22:34:55.697,/master/welcome,247
2021-09-07 22:34:56.398,/master/sign-in,593
2021-09-07 22:34:57.698,/master/welcome,594
2021-09-07 22:34:59.175,/administrator/task/create,1202
2021-09-07 22:35:02.007,/master/welcome,1194
2021-09-07 22:35:02.925,/administrator/task/list,659
2021-09-07 22:35:03.205,/master/welcome,250
2021-09-07 22:35:03.914,/master/welcome,599
2021-09-07 22:35:04.927,/anonymous/task/list,658
2021-09-07 22:35:06.333,/anonymous/task/show,1166
2021-09-07 22:35:07.622,/master/welcome,721
2021-09-07 22:35:13.235,/master/welcome,301
2021-09-07 22:35:13.514,/master/welcome,250
2021-09-07 22:35:14.227,/master/sign-in,590
2021-09-07 22:35:15.651,/master/welcome,643
2021-09-07 22:35:22.648,/master/welcome,604
2021-09-07 22:35:23.386,/master/welcome,628
2021-09-07 22:35:23.91,/master/welcome,371
2021-09-07 22:35:24.233,/master/welcome,295
2021-09-07 22:35:25.506,/anonymous/user-account/create,1148
2021-09-07 22:35:27.292,/master/welcome,595
2021-09-07 22:35:27.652,/master/welcome,295
2021-09-07 22:35:28.452,/master/sign-in,598
2021-09-07 22:35:29.854,/master/welcome,599
2021-09-07 22:35:30.229,/master/welcome,296
2021-09-07 22:35:30.95,/master/welcome,597
2021-09-07 22:35:31.366,/master/welcome,338
2021-09-07 22:35:31.613,/master/welcome,218
2021-09-07 22:35:32.34,/anonymous/user-account/create,605
2021-09-07 22:35:35.291,/master/welcome,595
2021-09-07 22:35:35.57,/master/welcome,218
2021-09-07 22:35:36.289,/master/sign-in,600
2021-09-07 22:35:37.618,/master/welcome,615
2021-09-07 22:35:37.945,/master/welcome,253
2021-09-07 22:35:38.649,/master/welcome,594
2021-09-07 22:35:39.066,/master/welcome,338
2021-09-07 22:35:39.379,/master/welcome,279
2021-09-07 22:35:40.12,/anonymous/user-account/create,596
2021-09-07 22:35:42.564,/master/welcome,1173
2021-09-07 22:35:42.945,/master/welcome,291
2021-09-07 22:35:43.641,/master/sign-in,589
2021-09-07 22:35:44.916,/master/welcome,601
2021-09-07 22:35:45.436,/master/welcome,440
2021-09-07 22:35:46.752,/master/welcome,1193
2021-09-07 22:35:47.198,/master/welcome,371
2021-09-07 22:35:47.92,/master/welcome,694
2021-09-07 22:35:49.225,/anonymous/user-account/create,1174
2021-09-07 22:35:52.72,/master/welcome,1768
2021-09-07 22:35:53.457,/master/welcome,677
2021-09-07 22:35:54.815,/master/sign-in,1198
2021-09-07 22:35:56.716,/master/welcome,609
2021-09-07 22:35:57.515,/master/welcome,728
2021-09-07 22:35:58.319,/master/welcome,587
2021-09-07 22:35:58.941,/master/welcome,546
2021-09-07 22:35:59.515,/master/welcome,543
2021-09-07 22:36:00.229,/anonymous/user-account/create,589
2021-09-07 22:36:03.147,/master/welcome,1151
2021-09-07 22:36:03.852,/master/welcome,642
2021-09-07 22:36:04.567,/master/sign-in,582
2021-09-07 22:36:06.911,/master/welcome,1176
2021-09-07 22:36:07.643,/master/welcome,657
2021-09-07 22:36:08.927,/master/welcome,1176
2021-09-07 22:36:09.556,/master/welcome,553
2021-09-07 22:36:10.24,/master/welcome,581
2021-09-07 22:36:11.645,/anonymous/user-account/create,1185
2021-09-07 22:36:15.084,/master/welcome,1738
2021-09-07 22:36:15.697,/master/welcome,549
2021-09-07 22:36:16.464,/master/sign-in,630
2021-09-07 22:36:18.269,/master/welcome,609
2021-09-07 22:36:19.039,/master/welcome,686
2021-09-07 22:36:20.301,/master/welcome,1135
2021-09-07 22:36:20.925,/master/welcome,528
2021-09-07 22:36:21.535,/master/welcome,585
2021-09-07 22:36:22.834,/anonymous/user-account/create,1172
2021-09-07 22:36:26.316,/master/welcome,1720
2021-09-07 22:36:27.236,/master/welcome,859
2021-09-07 22:36:28.54,/master/sign-in,1151
2021-09-07 22:36:30.857,/master/welcome,1173
2021-09-07 22:36:31.77,/master/welcome,834
2021-09-07 22:36:32.566,/master/welcome,652
2021-09-07 22:36:33.128,/master/welcome,471
2021-09-07 22:36:33.565,/master/welcome,401
2021-09-07 22:36:34.327,/anonymous/user-account/create,634
2021-09-07 22:36:37.76,/master/welcome,678
2021-09-07 22:36:38.206,/master/welcome,371
2021-09-07 22:36:38.993,/master/sign-in,615
2021-09-07 22:36:40.511,/master/welcome,664
2021-09-07 22:36:40.871,/master/welcome,289
2021-09-07 22:36:41.676,/master/welcome,618
2021-09-07 22:36:42.087,/master/welcome,313
2021-09-07 22:36:42.347,/master/welcome,238
2021-09-07 22:36:43.06,/anonymous/user-account/create,607
2021-09-07 22:36:45.741,/master/welcome,1222
2021-09-07 22:36:46.183,/master/welcome,379
2021-09-07 22:36:46.939,/master/sign-in,609
2021-09-07 22:36:48.895,/master/welcome,1171
2021-09-07 22:36:49.622,/master/welcome,643
2021-09-07 22:36:51.037,/master/welcome,1201
2021-09-07 22:36:51.887,/master/welcome,772
2021-09-07 22:36:52.636,/master/welcome,723
2021-09-07 22:36:54.007,/anonymous/user-account/create,1194
2021-09-07 22:36:57.386,/master/welcome,1718
2021-09-07 22:36:58.089,/master/welcome,607
2021-09-07 22:36:58.798,/master/sign-in,593
2021-09-07 22:37:00.648,/master/welcome,650
2021-09-07 22:37:01.36,/master/welcome,609
2021-09-07 22:37:02.718,/master/welcome,1204
2021-09-07 22:37:03.345,/master/welcome,546
2021-09-07 22:37:04.111,/master/welcome,736
2021-09-07 22:37:05.452,/anonymous/user-account/create,1184
2021-09-07 22:37:09.336,/master/welcome,2046
2021-09-07 22:37:09.718,/master/welcome,310
2021-09-07 22:37:10.437,/master/sign-in,592
2021-09-07 22:37:12.761,/master/welcome,1133
2021-09-07 22:37:13.484,/master/welcome,607
2021-09-07 22:37:14.186,/master/welcome,592
2021-09-07 22:37:14.805,/master/welcome,530
2021-09-07 22:37:15.386,/master/welcome,545
2021-09-07 22:37:16.676,/anonymous/user-account/create,1165
2021-09-07 22:37:19.599,/master/welcome,1203
2021-09-07 22:37:20.187,/master/welcome,531
2021-09-07 22:37:21.491,/master/sign-in,1178
2021-09-07 22:37:23.366,/master/welcome,612
2021-09-07 22:37:23.998,/master/welcome,554
2021-09-07 22:37:25.349,/master/welcome,1183
